{
  "balls": [
    {
      "move": {
        "bounds": {
          "max": [
            23.0,
            16.0
          ],
          "min": [
            3.0,
            -4.0
          ]
        },
        "dir": [
          1.0,
          0.0
        ],
        "kind": "linear",
        "speed": 200.0
      },
      "pos": [
        13.0,
        6.0
      ]
    }
  ],
  "finish": [
    0.0,
    0.0,
    0.0,
    0.0
  ],
  "start": [
    1.2972080629351476e+26,
    0.0,
    2.5223372357846707e-44,
    0.0
  ]
}